County GEOID,County Name,EnviroScreen Percentile Score,Pollution and Climate Burden Percentile Score,Health and Social Factors Percentile Score,Environmental Exposures Percentile Score,Environmental Effects Percentile Score,Climate Vulnerability Percentile Score,Sensitive Populations Percentile Score,Demographics Percentile Score,Air Toxics Emissions,Air Toxics Emissions (percentile),Diesel Particulate Matter (µg/m3),Diesel Particulate Matter (percentile),Drinking Water Regulations,Drinking Water Regulations (percentile),Lead Exposure Risk (percentage),Lead Exposure Risk (percentile),Noise (dba),Noise (percentile),Other Air Pollutants,Other Air Pollutants (percentile),Ozone (ppb),Ozone (percentile),Fine Particle Pollution (µg/m3),Fine Particle Pollution (percentile),Traffic Proximity and Volume,Traffic Proximity and Volume (percentile),Environmental Exposures Raw Score,Proximity to Hazardous Waste Facilities,Proximity to Hazardous Waste Facilities (percentile),Proximity to Mining Locations,Proximity to Mining Locations (percentile),Proximity to National Priorities List Sites,Proximity to National Priorities List Sites (percentile),Proximity to Oil and Gas,Proximity to Oil and Gas (percentile),Proximity to Risk Management Plan Sites,Proximity to Risk Management Plan Sites (percentile),Impaired Streams and Rivers,Impaired Streams and Rivers (percentile),Wastewater Discharge Indicator,Wastewater Discharge Indicator (percentile),Environmental Effects Raw Score,Drought,Drought (percentile),Floodplains (percent),Floodplains (percentile),Extreme Heat Days,Extreme Heat Days (percentile),Wildfire Risk,Wildfire Risk (percentile),Climate Vulnerability Raw Score,Housing Cost Burdened (decimal percent),Housing Cost Burdened (percentile),Disability (decimal percent),Disability (percentile),Less Than High School Education (decimal percent),Less Than High School Education (percentile),Linguistic Isolation (decimal percent),Linguistic Isolation (percentile),Low Income (decimal percent),Low Income (percentile),People of Color (decimal percent),People of Color (percentile),Demographics Raw Score,Asthma Hospitalization Rate,Asthma Hospitalization Rate (percentile),Cancer index (percent),Cancer index (percentile),Diabetes index,Diabetes index (percentile),Heart Disease in Adults (percent),Heart Disease in Adults (percentile),Life Expectancy (years),Life Expectancy (percentile),Low Birth Weight,Low Birth Weight (percentile),Mental Health Indicator,Mental Health Indicator (percentile),Population Over 64,Population Over 64 (percentile),Population Under 5,Population Under 5 (percentile),Sensitive Populations Raw Score,Health and Social Factors Raw Score,Pollution and Climate Burden Raw Score,EnviroScreen Raw Score,Shape_Length,Shape_Area
8101,Pueblo,100,95.3125,95.3125,95.3125,96.875,43.75,93.75,90.625,7.036005118,82,0.109612574,84.375,62.74509804,62.74509804,0.345406556,67.1875,33.20411013,60.9375,17.13450885,96.77419355,47.06709041,37.5,6.148135569,67.1875,748352.7152,87.5,69.51786653,0.550276006,50,71.89164526,93.65079365,0.816268869,78.57142857,0,0,0.709983283,87.17948718,92.85714286,74.6031746,15725.22073,93.5483871,77.92180542,42.91187739,42.1875,0.225634066,58.82352941,22.75,14.0625,195.5305629,53.125,36.89980634,0.31272917,68.75,0.184784855,84.375,0.099642962,65.625,0.014592339,40.6779661,0.368280799,78.125,0.494947512,93.75,69.57385327,50.859,92.85714286,50.78125,53.125,85.15625,85.9375,60.15625,60.9375,76.57222222,95.16129032,10.759,67.74193548,18,64.0625,0.188854195,48.4375,0.055009367,70.3125,69.18872014,69.38128671,63.4643362,87.36992594,3.431195789,0.63849254
8001,Adams,98.4375,100,73.4375,90.625,100,56.25,48.4375,92.1875,31.89833521,94,0.329723265,98.4375,35.29411765,35.29411765,0.141109946,32.8125,39.27012887,96.875,16.56790574,95.16129032,46.96033839,34.375,9.584821687,98.4375,2051359.356,96.875,68.30927553,1.728535642,88.88888889,155.7686851,96.82539683,1.143408514,85.71428571,6490.313551,97.6744186,1.130999104,94.87179487,73.01587302,47.61904762,7583.204047,80.64516129,82.60833128,37.54789272,29.6875,1.160465758,85.29411765,24,25,281.5481485,59.375,44.03105433,0.356324947,93.75,0.111009428,37.5,0.151854235,95.3125,0.045979549,88.13559322,0.256458612,40.625,0.525049553,95.3125,69.66925429,49.464,89.28571429,39.84375,17.1875,75,76.5625,55.46875,53.125,78.10510204,85.48387097,9.485,51.61290323,18.4,71.875,0.108094027,1.5625,0.065558138,85.9375,40.06137648,54.86531538,65.81448417,71.64885223,4.319460655,0.322724569
8099,Prowers,96.875,71.875,100,78.125,73.4375,20.3125,100,98.4375,0.506203822,64,0.040350365,70.3125,100,100,0.374931482,76.5625,34.64145082,67.1875,0.094370364,61.29032258,42.86079945,4.6875,6.208231781,75,144815.7084,73.4375,53.61846563,0,0,17.53599324,76.19047619,0,0,4.543715715,41.86046512,0.215234085,53.84615385,100,88.88888889,47.23718793,30.64516129,54.20180667,57.85440613,82.8125,0.211893571,52.94117647,20.75,4.6875,75.56140231,21.875,25.89373545,0.284446417,46.875,0.175441562,82.8125,0.145167705,92.1875,0.043044154,84.74576271,0.422887719,87.5,0.435411096,82.8125,77.6822613,28.579,71.42857143,60.9375,75,89.0625,92.1875,82.8125,89.0625,78.86,72.58064516,11.186,70.96774194,20.3,96.875,0.180147059,40.625,0.066176471,89.0625,75.46831593,76.57528861,46.83311834,71.15928801,2.659507292,0.436577953
8089,Otero,95.3125,75,93.75,79.6875,92.1875,17.1875,89.0625,96.875,0.060691642,38,0.044594096,75,98.03921569,98.03921569,0.523640527,98.4375,32.81666589,56.25,0.049620029,48.38709677,44.88785166,18.75,5.804594129,54.6875,107146.9951,60.9375,55.0953051,0,0,8.034517396,60.31746032,0,0,0,0,0.254339433,64.1025641,98.41269841,87.3015873,3819.765922,72.58064516,70.35425253,42.14559387,35.9375,0,0,23.25,17.1875,80.20800621,25,24.90195978,0.277850935,40.625,0.203631224,92.1875,0.11961079,85.9375,0.021991046,61.01694915,0.479702151,92.1875,0.488697524,92.1875,74.20054843,45.147,85.71428571,46.09375,34.375,89.0625,92.1875,95.3125,100,76.94285714,91.93548387,8.171,16.12903226,20,95.3125,0.210979548,62.5,0.056673843,73.4375,63.84279772,69.02167308,51.36170562,70.3420135,2.65280981,0.33687737
8071,Las Animas,93.75,67.1875,98.4375,71.875,79.6875,37.5,95.3125,95.3125,0.210983811,54,0.030518191,62.5,27.45098039,27.45098039,0.46622288,89.0625,31.70766578,48.4375,0.131215346,66.12903226,46.74746667,31.25,4.721117808,23.4375,102017.1295,57.8125,47.00003296,0,0,1.225848281,33.33333333,0,0,438.3489605,81.39534884,0,0,127.7777778,96.82539683,84.70205702,37.09677419,55.87286503,64.36781609,95.3125,0.027900629,17.64705882,22.5,10.9375,326.5159309,62.5,32.74575962,0.319408837,76.5625,0.232719223,98.4375,0.11501085,79.6875,0.012064545,35.59322034,0.400478573,84.375,0.47580086,89.0625,73.72936141,71.919,100,48.4375,40.625,84.375,84.375,73.4375,76.5625,78.61666667,75.80645161,11.785,77.41935484,19,85.9375,0.250728054,79.6875,0.046179448,46.875,71.59772819,72.6635448,45.65467264,65.82512455,5.537750402,1.257276192
8087,Morgan,92.1875,78.125,90.625,85.9375,68.75,35.9375,79.6875,89.0625,0.487435411,62,0.106115711,82.8125,47.05882353,47.05882353,0.346446481,70.3125,36.10612021,78.125,2.869055944,85.48387097,45.76759247,23.4375,7.170893493,85.9375,139779.7826,70.3125,63.19204905,0,0,17.01102971,74.6031746,0,0,69.35286856,69.76744186,0.783529837,92.30769231,20.63492063,7.936507937,57924.81286,100,52.03019952,36.39846743,23.4375,2.173249938,97.05882353,24.25,31.25,45.08948113,15.625,32.46415393,0.315949227,73.4375,0.101069033,29.6875,0.173401833,98.4375,0.050680648,89.83050847,0.343527763,70.3125,0.431847134,81.25,69.23440682,32.42,76.78571429,55.46875,59.375,69.53125,70.3125,64.0625,68.75,79.7125,56.4516129,8.833,32.25806452,17.4,53.125,0.156722327,26.5625,0.071096574,95.3125,55.97893529,62.60667105,52.71961289,65.49116265,2.415269557,0.354778302
8123,Weld,90.625,98.4375,56.25,92.1875,93.75,65.625,29.6875,76.5625,72.68939024,100,0.199152788,93.75,70.58823529,70.58823529,0.124953239,25,36.32128485,81.25,18.2253611,98.38709677,46.78677069,32.8125,9.65793593,100,455241.6884,82.8125,69.10420616,0.553131575,55.55555556,285.5457561,100,0,0,40240.19691,100,1.210732054,97.43589744,57.14285714,26.98412698,22617.18801,95.16129032,71.97293221,43.29501916,43.75,0.495174974,73.52941176,25.25,37.5,170.3805837,48.4375,49.16579139,0.308587799,64.0625,0.112159609,39.0625,0.116628936,84.375,0.031609195,74.57627119,0.246282442,32.8125,0.362842644,73.4375,57.96812619,31.042,75,37.5,12.5,64.84375,64.0625,42.96875,37.5,79.4469697,64.51612903,8.628,29.03225806,16.6,34.375,0.124597998,4.6875,0.068664659,92.1875,34.11939215,46.04375917,64.83678398,59.23550763,5.099523106,1.106115809
8041,El Paso,89.0625,89.0625,64.0625,93.75,90.625,23.4375,64.0625,59.375,28.13020184,92,0.121400386,87.5,43.1372549,43.1372549,0.127880777,28.125,36.13911592,79.6875,13.79533108,93.5483871,49.20376483,73.4375,6.241731441,76.5625,1261768.017,92.1875,69.48062504,0.817756455,72.22222222,69.58129987,92.06349206,0,0,1.832936528,30.23255814,0.312303664,69.23076923,111.1111111,95.23809524,12975.54178,90.32258065,70.20314429,40.99616858,32.8125,0,0,22,7.8125,687.3145928,81.25,27.51382096,0.330874079,82.8125,0.125001622,50,0.051987621,32.8125,0.015631162,45.76271186,0.242586777,31.25,0.330538679,68.75,48.710578,32.658,78.57142857,65.625,84.375,57.03125,59.375,43.75,39.0625,79.33958333,66.12903226,9.485,51.61290323,17.2,48.4375,0.133364279,7.8125,0.063004999,81.25,48.95016786,48.83037293,59.16955383,57.32950757,3.260211356,0.572085275
8085,Montrose,87.5,73.4375,85.9375,68.75,37.5,84.375,85.9375,75,1.038003329,68,0.044540279,73.4375,37.25490196,37.25490196,0.152965171,37.5,30.25677714,17.1875,0.291027123,69.35483871,46.71496484,29.6875,5.165552968,39.0625,209067.7303,79.6875,45.0776895,0,0,26.37363524,80.95238095,0.003281188,17.85714286,0.087633258,4.651162791,0.138987583,46.15384615,69.84126984,44.44444444,1966.273132,59.67741935,30.61303766,63.98467433,93.75,0.080064908,35.29411765,42,100,419.1217259,65.625,68.26305656,0.270918906,39.0625,0.13265258,54.6875,0.106957391,73.4375,0.036028635,77.96610169,0.294948064,50,0.252434439,60.9375,57.79466371,21.38,57.14285714,48.4375,40.625,52.34375,51.5625,60.9375,65.625,78.96666667,67.74193548,9.86,59.67741935,18.3,67.1875,0.248955001,78.125,0.048268454,59.375,59.87957492,58.83711931,47.25786831,55.17157791,4.590101804,0.599091964
8077,Mesa,85.9375,81.25,67.1875,45.3125,89.0625,89.0625,78.125,57.8125,23.35499824,90,0.105097599,81.25,5.882352941,5.882352941,0.159346015,40.625,29.77773611,10.9375,1.515445674,83.87096774,46.23522167,25,6.119142632,65.625,533161.1148,84.375,39.26613263,0.456959546,44.44444444,135.6552606,95.23809524,0,0,64.73296281,65.11627907,0.371022171,71.79487179,75.3968254,49.20634921,14356.9388,91.93548387,66.88353963,61.68582375,89.0625,0.230980197,61.76470588,31,59.375,616.1809773,78.125,71.07342233,0.303432755,60.9375,0.153212425,70.3125,0.077230165,48.4375,0.007448731,27.11864407,0.292476438,48.4375,0.203771192,35.9375,46.25756214,23.126,62.5,50,43.75,52.34375,51.5625,60.9375,65.625,78.33870968,80.64516129,8.602,25.80645161,18.6,73.4375,0.200248509,56.25,0.052596858,65.625,55.77102579,51.01429396,54.12230681,54.7845445,5.036560674,0.900045572
8029,Delta,84.375,65.625,87.5,35.9375,28.125,96.875,92.1875,67.1875,0.000306995,6,0.02832981,56.25,68.62745098,68.62745098,0.262650765,54.6875,30.31273941,20.3125,0.054115859,53.22580645,46.46654338,28.125,5.387803349,45.3125,66349.42825,50,35.3981574,0,0,31.79871252,84.12698413,0,0,0.922742303,11.62790698,0.073648923,35.8974359,39.68253968,12.6984127,253.4028719,48.38709677,29.29515904,62.06896552,90.625,0.269436348,64.70588235,39.75,96.875,423.521623,67.1875,78.60008128,0.279132349,42.1875,0.193822087,90.625,0.099960697,67.1875,0.012313463,38.98305085,0.342080787,68.75,0.205947455,37.5,54.36466059,22.181,60.71428571,62.5,78.125,61.71875,62.5,75,79.6875,78.91111111,70.96774194,11.268,72.58064516,18.7,78.125,0.269175248,85.9375,0.044140763,39.0625,68.19836614,61.28151337,44.67288878,54.32045446,2.749021604,0.308746182
8031,Denver,82.8125,90.625,57.8125,100,35.9375,51.5625,31.25,78.125,19.72816548,88,0.473131658,100,0,0,0.367516533,75,49.60698463,100,33.80900837,100,47.05644576,35.9375,9.031255225,95.3125,4662260.624,100,83.0386361,2.594747818,100,0.001670052,1.587301587,1.870295449,89.28571429,0.00604845,2.325581395,1.226618637,100,138.8888889,100,3765.605383,70.96774194,30.28939268,25.28735632,12.5,1.553484737,91.17647059,24,25,1124.9248,93.75,40.42741929,0.350881213,92.1875,0.098917879,26.5625,0.09451496,60.9375,0.034059524,76.27118644,0.255800837,39.0625,0.461433596,85.9375,58.03475363,61.757,98.21428571,29.6875,4.6875,54.6875,54.6875,46.875,42.1875,78.524375,79.03225806,10.09,62.90322581,17.4,53.125,0.119959201,3.125,0.055599325,71.875,34.14017716,46.08746539,59.19852104,54.13567513,2.725683922,0.04212047
8005,Arapahoe,81.25,93.75,48.4375,96.875,76.5625,59.375,35.9375,65.625,17.51872191,86,0.279836562,96.875,0,0,0.090080247,18.75,38.70231426,95.3125,11.62198997,91.93548387,47.86989523,43.75,8.690941377,93.75,2363801.136,98.4375,69.63166772,0.779913204,66.66666667,0.558841427,22.22222222,0.196729656,64.28571429,252.4466591,79.06976744,0.753830583,89.74358974,60.31746032,30.15873016,4435.670734,74.19354839,54.94692577,37.54789272,29.6875,0.992234781,82.35294118,24.5,32.8125,300.105732,60.9375,47.0212504,0.343819167,89.0625,0.104569859,32.8125,0.078112606,51.5625,0.043453466,86.44067797,0.206950318,20.3125,0.4224994,79.6875,52.56015681,48.955,87.5,31.25,6.25,50.78125,48.4375,32.03125,28.125,79.69492754,59.67741935,9.911,61.29032258,16.4,29.6875,0.137461361,12.5,0.058383108,75,34.85075007,43.70545344,60.3078779,52.2997428,3.699199408,0.218928607
8075,Logan,79.6875,82.8125,59.375,89.0625,59.375,54.6875,76.5625,50,6.880745328,80,0.063523552,79.6875,88.23529412,88.23529412,0.495341079,93.75,36.37137269,84.375,0.414499188,72.58064516,44.03486067,15.625,6.273231703,78.125,117013.0152,65.625,66.62624072,0.153618941,38.88888889,16.53808579,73.01587302,0,0,22.40094956,53.48837209,0.657101664,84.61538462,11.11111111,6.349206349,2659.97962,67.74193548,42.04891192,45.97701149,54.6875,1.797549908,94.11764706,28.75,53.125,35.70468068,12.5,42.99738285,0.247463995,15.625,0.149184035,60.9375,0.08928334,59.375,0.003882279,18.6440678,0.345263158,73.4375,0.236879166,53.125,40.0261941,26.582,67.85714286,51.5625,56.25,68.75,67.1875,80.46875,87.5,78.25714286,82.25806452,7.567,9.677419355,19.2,87.5,0.184161112,46.875,0.054830532,68.75,55.55025788,47.78822599,54.57469405,51.74901579,2.987091837,0.509315675
8043,Fremont,78.125,85.9375,54.6875,81.25,71.875,73.4375,70.3125,48.4375,2.337579987,72,0.024151772,43.75,54.90196078,54.90196078,0.27992316,59.375,31.98908698,50,1.463336592,82.25806452,48.72475763,68.75,5.152598539,37.5,103435.1846,59.375,57.11217234,0.002397501,11.11111111,38.76001438,88.88888889,0.84721181,82.14285714,249.2977584,76.74418605,0.2339609,58.97435897,91.26984127,69.84126984,295.1076998,50,53.66725396,49.04214559,67.1875,0.046195431,26.47058824,27.5,46.875,863.9839532,87.5,51.96971701,0.289755049,54.6875,0.18894168,87.5,0.101613836,68.75,0.000735419,3.389830508,0.367845865,76.5625,0.217524996,43.75,39.39037925,20.416,42.85714286,57.8125,65.625,59.375,60.9375,78.125,84.375,76.56666667,96.77419355,8.271,19.35483871,17.2,48.4375,0.218930091,68.75,0.041012483,29.6875,51.78410295,45.5872411,54.96532891,49.71895785,3.088732525,0.410342124
8081,Moffat,76.5625,60.9375,78.125,43.75,32.8125,90.625,81.25,70.3125,0.119716643,50,0.028434085,57.8125,39.21568627,39.21568627,0.217191601,50,27.58352241,1.5625,0.40876058,70.96774194,48.47095205,59.375,6.177899315,71.875,91608.30519,56.25,37.61843579,0.001678269,5.555555556,24.02675384,79.36507937,0,0,43.5279795,60.46511628,0.12911316,43.58974359,30.95238095,11.11111111,595.374789,54.83870968,29.85486734,45.59386973,53.125,0,0,35.75,90.625,595.331639,75,71.20919486,0.288027762,53.125,0.149992351,62.5,0.086942039,56.25,0.019086177,57.62711864,0.344538456,71.875,0.215764813,40.625,56.17588685,10.341,19.64285714,58.59375,67.1875,70.3125,71.875,78.90625,85.9375,77.925,88.70967742,9.517,54.83870968,19.8,93.75,0.152282346,23.4375,0.060837364,78.125,57.44080314,56.808345,44.07523344,49.68172129,5.032646291,1.309500456
8045,Garfield,75,84.375,51.5625,76.5625,87.5,62.5,28.125,71.875,4.278617877,76,0.040083713,68.75,58.82352941,58.82352941,0.133837865,29.6875,30.67764454,26.5625,0.567234588,74.19354839,48.07889589,50,5.510342466,50,143038.5157,71.875,52.87649528,0,0,28.76434585,82.53968254,0,0,3494.26505,95.34883721,0.084078831,41.02564103,80.15873016,53.96825397,2493.767668,64.51612903,64.590411,56.32183908,79.6875,0.011719042,11.76470588,34.5,84.375,429.7092157,68.75,48.29080457,0.337874051,85.9375,0.090611389,23.4375,0.10700276,75,0.052970076,93.22033898,0.250629246,34.375,0.346432567,70.3125,56.92768606,17.855,37.5,40.625,18.75,39.84375,43.75,31.25,26.5625,80.69090909,38.70967742,8.72,30.64516129,17,39.0625,0.136488173,10.9375,0.064442391,84.375,31.97547379,44.45157993,54.65855153,48.20978515,5.508388613,0.802786704
8083,Montezuma,73.4375,51.5625,84.375,26.5625,23.4375,93.75,87.5,68.75,0.052433172,34,0.021826219,39.0625,0,0,0.230662646,53.125,29.44476158,6.25,0.03553236,45.16129032,46.42742089,26.5625,4.880242808,29.6875,108285.1538,62.5,31.54920033,0,0,3.815510373,47.61904762,0,0,13.06918722,51.1627907,0.006788745,2.564102564,92.06349206,73.01587302,36.15189732,27.41935484,26.26811854,67.81609195,98.4375,0,0,27.75,50,654.7438558,79.6875,73.19929989,0.260361217,26.5625,0.150423319,64.0625,0.086926361,54.6875,0.026235741,64.40677966,0.361031296,75,0.288837745,65.625,55.5866512,21.91,58.92857143,50.78125,53.125,80.46875,79.6875,58.59375,59.375,80.3,45.16129032,9.816,58.06451613,19.4,89.0625,0.235941695,71.875,0.047142309,53.125,61.83117531,58.70891325,40.64145477,47.34380537,3.292432442,0.537190712
8003,Alamosa,71.875,48.4375,82.8125,46.875,53.125,53.125,68.75,85.9375,0.219988004,56,0.047097309,76.5625,45.09803922,45.09803922,0.210897798,48.4375,28.71963753,3.125,0.065794755,59.67741935,47.93955945,48.4375,5.137457534,35.9375,175258.7172,75,39.38516894,0,0,6.906590151,58.73015873,0,0,0,0,0.033060563,28.20512821,50,20.63492063,1192.133979,58.06451613,37.53407494,47.50957854,59.375,0,0,33.25,73.4375,47.34179087,17.1875,42.16104881,0.264410447,34.375,0.157930649,73.4375,0.101866014,70.3125,0.019935095,59.3220339,0.404728254,85.9375,0.543134872,96.875,66.65006834,16.58,32.14285714,35.15625,10.9375,84.375,84.375,77.34375,81.25,77.62,90.32258065,11.74,75.80645161,19.6,90.625,0.145018226,18.75,0.058748481,76.5625,50.52824081,58.58915458,39.61636541,46.05552486,1.835625301,0.19106393
8059,Jefferson,70.3125,87.5,40.625,87.5,85.9375,40.625,60.9375,31.25,72.40071415,98,0.188721038,92.1875,11.76470588,11.76470588,0.138947284,31.25,37.37186641,92.1875,8.671604422,90.32258065,49.01940972,71.875,7.988773616,89.0625,1849781.468,95.3125,63.53667228,1.527161075,83.33333333,33.43404704,85.71428571,0.400238364,75,1.236180102,16.27906977,0.2433537,61.53846154,95.23809524,82.53968254,34692.34281,98.38709677,63.91690974,23.75478927,10.9375,0.331020074,67.64705882,24,25,1837.664909,98.4375,36.73388756,0.287831625,51.5625,0.104758093,34.375,0.047716372,31.25,0.011540785,33.89830508,0.163399686,7.8125,0.235022454,51.5625,30.18478678,30.113,73.21428571,71.875,90.625,38.28125,39.0625,32.8125,29.6875,79.82015504,54.83870968,9.137,45.16129032,16.4,29.6875,0.170723094,35.9375,0.048380845,60.9375,47.53397502,38.8593809,56.93103546,43.89699951,2.85932345,0.210194059
8105,Rio Grande,68.75,57.8125,60.9375,62.5,67.1875,42.1875,75,54.6875,0,0,0.020303037,37.5,41.17647059,41.17647059,0.297820454,62.5,30.86568009,28.125,0.058354386,56.4516129,48.47938493,60.9375,4.73455137,25,56036.68347,48.4375,42.82200091,0,0,9.243469376,66.66666667,0.005743651,21.42857143,0,0,0.173376772,51.28205128,87.3015873,61.9047619,5069.527949,77.41935484,51.17857517,53.25670498,76.5625,0.010888442,8.823529412,34,79.6875,102.8073672,34.375,36.88271122,0.189821774,4.6875,0.169995561,78.125,0.099110232,64.0625,0.025552931,62.71186441,0.277604492,45.3125,0.483656703,90.625,42.67679777,39.299,82.14285714,46.09375,34.375,72.65625,75,44.53125,40.625,81.1,32.25806452,14.57,93.5483871,16.6,34.375,0.209316553,60.9375,0.051477015,64.0625,53.32084189,47.99881983,43.42632205,41.35932897,2.210737802,0.24103305
8055,Huerfano,67.1875,39.0625,76.5625,39.0625,18.75,68.75,84.375,64.0625,0.00709948,16,0.019551941,32.8125,86.2745098,86.2745098,0.351625158,71.875,31.10542479,32.8125,0.006955659,22.58064516,47.51690228,40.625,4.705594521,21.875,77276.3277,53.125,36.46079968,0,0,1.858938416,38.0952381,0,0,1.384923701,20.93023256,0,0,94.44444444,77.77777778,0.007710501,6.451612903,25.15024063,48.27586207,64.0625,0,0,25.5,40.625,175.5964807,50,50.67445505,0.282933611,45.3125,0.205808268,93.75,0.070902751,45.3125,0.002780674,16.94915254,0.394725144,82.8125,0.3850058,75,52.2138133,33.735,80.35714286,57.8125,65.625,89.84375,93.75,78.125,84.375,81.4,27.41935484,8.451,22.58064516,18.4,71.875,0.33149652,95.3125,0.04712877,51.5625,59.34009489,55.77695409,37.18657376,41.15577991,3.869386794,0.421500958
8069,Larimer,65.625,92.1875,39.0625,84.375,95.3125,50,37.5,40.625,41.61066432,96,0.139384404,89.0625,49.01960784,49.01960784,0.101198745,20.3125,32.67684423,54.6875,3.972532347,87.09677419,47.82111306,42.1875,8.036531698,90.625,667387.055,85.9375,61.8903111,1.163364117,77.77777778,157.5833929,98.41269841,0,0,1525.23421,90.69767442,0.217606823,56.41025641,98.41269841,87.3015873,2386.124963,62.90322581,77.40327306,30.26819923,15.625,0.413864647,70.58823529,24.25,31.25,532.4223186,73.4375,39.88687977,0.322214832,78.125,0.10009789,28.125,0.036732543,21.875,0.011111783,32.20338983,0.232732428,29.6875,0.192298595,32.8125,33.86290353,21.16,53.57142857,67.96875,85.9375,29.6875,31.25,21.875,17.1875,80.8890411,35.48387097,9.113,43.5483871,15.7,14.0625,0.164235049,31.25,0.045505519,45.3125,34.8632633,34.36308342,60.26769376,41.09287954,3.899779069,0.72652658
8115,Sedgwick,64.0625,20.3125,96.875,34.375,6.25,39.0625,98.4375,82.8125,0,0,0.057576388,78.125,74.50980392,74.50980392,0.602761982,100,36.97950675,90.625,0.001857276,11.29032258,42.11706301,1.5625,6.080038356,62.5,33088.52931,31.25,34.07520566,0,0,0.02378001,4.761904762,0,0,1.234839493,13.95348837,0.03075236,25.64102564,30.15873016,9.523809524,10541.50515,88.70967742,17.04653517,40.61302682,31.25,2.197530065,100,29,54.6875,24.45934314,7.8125,33.99241581,0.289799809,56.25,0.192878338,89.0625,0.086728754,53.125,0.019065777,55.93220339,0.369224248,79.6875,0.243831033,57.8125,63.97815405,40.266,83.92857143,63.28125,81.25,88.28125,89.0625,89.84375,92.1875,76.1,100,8.434,20.96774194,18.7,78.125,0.251359264,81.25,0.079464659,98.4375,74.80595908,69.39205657,29.79734058,41.02769701,1.707545466,0.152011002
8109,Saguache,62.5,34.375,81.25,12.5,60.9375,78.125,73.4375,81.25,0,0,0.014608049,23.4375,15.68627451,15.68627451,0.265641569,56.25,29.45360286,7.8125,0.050071618,51.61290323,48.43249315,57.8125,4.534121918,9.375,10390.02678,9.375,21.30018035,0,0,0.688737778,30.15873016,0.001991319,10.71428571,0,0,0.604034739,82.05128205,88.0952381,63.49206349,10456.95033,87.09677419,42.97705297,56.70498084,81.25,0,0,34.5,84.375,79.00568227,23.4375,54.36459373,0.252360795,20.3125,0.152838428,68.75,0.115486635,81.25,0.0400521,81.3559322,0.436672379,89.0625,0.416950728,78.125,63.28327281,51.021,94.64285714,42.1875,29.6875,84.375,84.375,54.6875,48.4375,82.6,8.064516129,11.93,80.64516129,19,85.9375,0.256120236,82.8125,0.047412457,54.6875,52.25806986,57.77067134,34.98550185,40.10378823,4.391842764,0.843148726
8103,Rio Blanco,60.9375,59.375,53.125,20.3125,56.25,98.4375,67.1875,46.875,0.110812202,48,0.015966402,25,3.921568627,3.921568627,0.191814294,46.875,30.01098538,12.5,0.033757577,43.5483871,47.88863836,45.3125,6.691258904,84.375,14149.19534,14.0625,26.50505765,0,0,5.555658128,53.96825397,0,0,523.5037885,83.72093023,0.02281098,20.51282051,73.01587302,47.61904762,34.01978678,25.80645161,40.86028187,54.02298851,78.125,0,0,33.5,75,1071.823633,92.1875,81.44062735,0.224830879,10.9375,0.165150565,76.5625,0.077596132,50,0.018304815,52.54237288,0.298947368,54.6875,0.176317002,28.125,38.74649389,21.375,55.35714286,68.75,87.5,39.84375,43.75,56.25,54.6875,78.95,69.35483871,7.895,12.90322581,18.9,81.25,0.159883274,29.6875,0.063738289,82.8125,50.32837024,44.53743206,43.82775613,38.73149719,5.181268567,0.880092304
8013,Boulder,59.375,96.875,26.5625,98.4375,98.4375,26.5625,12.5,45.3125,7.713331371,84,0.116566292,85.9375,66.66666667,66.66666667,0.125390938,26.5625,36.39520172,85.9375,4.032682299,88.70967742,49.35631725,79.6875,8.412837478,92.1875,898711.9671,89.0625,73.64992022,2.152746981,94.44444444,42.04646421,90.47619048,0.144944796,57.14285714,3304.82136,93.02325581,0.274399434,66.66666667,102.3809524,92.06349206,9880.426128,85.48387097,81.47430294,19.92337165,4.6875,0.651241312,76.47058824,23.5,18.75,1369.934,95.3125,28.29089659,0.349643901,90.625,0.085419054,20.3125,0.04270479,26.5625,0.016080666,47.45762712,0.218319882,26.5625,0.237566102,54.6875,38.72195095,21.091,51.78571429,42.1875,29.6875,14.84375,10.9375,16.40625,9.375,81.63,22.58064516,8.266,17.74193548,15.4,10.9375,0.152861029,25,0.040644074,26.5625,19.75724417,29.23959756,64.26625999,37.28587106,2.383374007,0.202535508
8023,Costilla,57.8125,9.375,92.1875,9.375,17.1875,71.875,59.375,100,0.026139589,26,0.009718668,10.9375,1.960784314,1.960784314,0.294239536,60.9375,29.7432303,9.375,0.01785841,33.87096774,48.17587397,53.125,4.685773973,17.1875,16643.19973,17.1875,17.68628295,0,0,1.572730687,36.50793651,0,0,0,0,0,0,45.23809524,15.87301587,21.26905449,24.19354839,24.11286246,50.95785441,70.3125,0,0,32.5,70.3125,92.84066123,28.125,51.80669295,0.264705882,35.9375,0.26401138,100,0.116545663,82.8125,0.079084967,96.61016949,0.502702703,95.3125,0.664402943,100,80.59400609,15.209,30.35714286,9.375,1.5625,96.875,100,94.53125,96.875,79.5,62.90322581,18.935,98.38709677,18.7,78.125,0.277589134,90.625,0.046972269,50,46.45047878,63.52224244,27.82303033,35.06873707,2.632767389,0.323925143
8011,Bent,56.25,12.5,89.0625,25,40.625,9.375,71.875,93.75,0.000278104,4,0.038893985,67.1875,82.35294118,82.35294118,0.482101348,92.1875,33.25636964,62.5,0.001634022,8.064516129,44.00988904,14.0625,5.855058904,57.8125,36693.14366,32.8125,31.1273677,0,0,1.272721689,34.92063492,0,0,1.671512532,27.90697674,0.010537466,10.25641026,93.65079365,76.19047619,88.05821232,40.32258065,31.43748988,45.59386973,53.125,0,0,20.75,4.6875,85.05955947,26.5625,18.77167632,0.309734513,65.625,0.209966934,95.3125,0.166002345,96.875,0.009955752,28.81355932,0.487246103,93.75,0.456392735,84.375,71.89557214,50.258,91.07142857,32.03125,7.8125,90.625,95.3125,95.3125,100,78,87.09677419,9.223,46.77419355,18.8,79.6875,0.183959719,45.3125,0.040819996,28.125,52.05325697,61.97441456,28.1159754,34.57446458,2.572390901,0.409167768
8015,Chaffee,54.6875,53.125,46.875,40.625,64.0625,57.8125,45.3125,56.25,0.006978429,14,0.016040637,26.5625,60.78431373,60.78431373,0.228323699,51.5625,31.0412637,31.25,0.098662534,62.90322581,49.8247274,87.5,4.63480137,12.5,67047.11864,51.5625,36.97617108,0,0,17.87138548,77.77777778,0.149895759,60.71428571,0,0,0,0,58.73015873,28.57142857,52.7676826,33.87096774,46.23559974,42.91187739,42.1875,0.042887491,23.52941176,37.5,93.75,131.8712289,40.625,44.09505388,0.33962056,87.5,0.130075933,53.125,0.069568021,42.1875,0.015552614,44.06779661,0.29534307,51.5625,0.154314046,18.75,45.04617228,17.539,35.71428571,39.0625,15.625,39.84375,43.75,41.40625,35.9375,79.88,53.22580645,9.777,56.4516129,17,39.0625,0.262778573,84.375,0.039204662,25,39.17318897,42.10968062,41.07074895,34.31661528,3.125821897,0.272389119
8067,La Plata,53.125,79.6875,34.375,75,57.8125,87.5,39.0625,26.5625,0.388408876,60,0.027325008,51.5625,50.98039216,50.98039216,0.151241455,35.9375,31.26840763,37.5,0.798632431,77.41935484,48.10605662,51.5625,4.868714384,28.125,183964.4331,78.125,49.74231058,0,0,15.47557492,71.42857143,0,0,1262.909392,86.04651163,0.036508407,30.76923077,63.49206349,34.92063492,8.522400259,19.35483871,41.81371088,70.49808429,100,0.212048723,55.88235294,28.75,53.125,787.4247694,84.375,70.74517956,0.298047684,59.375,0.101475351,31.25,0.041645002,25,0.001674673,6.779661017,0.250706306,35.9375,0.232856403,46.875,28.445602,17.989,39.28571429,61.71875,76.5625,23.4375,23.4375,36.71875,34.375,82.11666667,17.74193548,9.004,41.93548387,16.2,25,0.190182734,50,0.044370613,40.625,35.58762266,32.01661233,53.0108779,33.67675596,3.022819369,0.447277698
8009,Baca,51.5625,17.1875,79.6875,31.25,31.25,6.25,96.875,53.125,0.001033766,8,0.022089373,40.625,92.15686275,92.15686275,0.379848866,78.125,34.79306787,70.3125,0.006469003,20.96774194,43.6739137,12.5,5.752219178,53.125,31200.23708,26.5625,34.00829018,0.103935987,33.33333333,0.101110748,7.936507937,0,0,2.172455469,34.88372093,0.079502396,38.46153846,88.88888889,66.66666667,0,0,29.84099359,63.2183908,92.1875,0,0,20.25,1.5625,105.5661472,35.9375,17.29869369,0.238335435,14.0625,0.173913043,81.25,0.141773163,89.0625,0.004413619,22.03389831,0.525213801,98.4375,0.174771167,26.5625,42.46361286,0,0,76.5625,93.75,79.6875,78.125,90.625,93.75,80,51.61290323,9.278,48.38709677,21.8,100,0.238844394,75,0.04805492,57.8125,72.26249151,57.36305218,28.78906691,32.7679835,3.382013218,0.673306467
8125,Yuma,50,40.625,50,70.3125,21.875,32.8125,42.1875,62.5,0.793498929,66,0.033296664,65.625,33.33333333,33.33333333,0.453744493,87.5,36.87591101,87.5,0.055300839,54.83870968,42.9476589,6.25,6.320665753,79.6875,38233.84097,34.375,46.60757134,0,0,0.621474794,26.98412698,0,0,188.8304799,74.41860465,0.439962989,74.35897436,9.523809524,4.761904762,4.271334173,16.12903226,25.81680297,51.72413793,71.875,0,0,25.75,42.1875,27.59789209,9.375,30.51951596,0.258790792,23.4375,0.082907381,18.75,0.151665167,93.75,0.055147989,94.91525424,0.337857439,67.1875,0.283859932,64.0625,50.62348455,9.354,16.07142857,48.4375,40.625,69.53125,70.3125,57.8125,56.25,79.65,61.29032258,5.997,3.225806452,18.4,71.875,0.180619843,42.1875,0.068826726,93.75,37.45670428,44.04009442,37.3878654,32.67147846,3.243823452,0.647060025
8021,Conejos,48.4375,23.4375,70.3125,17.1875,15.625,75,65.625,73.4375,0,0,0.014402981,20.3125,19.60784314,19.60784314,0.333663121,64.0625,29.43873723,4.6875,0.006086734,19.35483871,48.58324795,64.0625,4.665419178,15.625,52061.07387,45.3125,23.85867009,0,0,1.034003833,31.74603175,0.001781857,7.142857143,0,0,0,0,65.07936508,36.50793651,44.51262367,29.03225806,22.14151728,52.49042146,73.4375,0,0,32,64.0625,96.95376063,31.25,52.7785267,0.21574344,6.25,0.184978026,85.9375,0.1022499,71.875,0.087463557,98.30508475,0.510726183,96.875,0.551833708,98.4375,57.51283959,12.134,23.21428571,42.1875,29.6875,96.875,100,91.40625,95.3125,82.25,12.90322581,10.772,69.35483871,18.1,65.625,0.195286641,53.125,0.062359327,79.6875,49.01564301,53.2642413,30.65934604,32.40324528,2.791569802,0.339368416
8095,Phillips,46.875,15.625,75,29.6875,26.5625,10.9375,53.125,87.5,0.096258357,42,0.031949541,64.0625,21.56862745,21.56862745,0.443248532,85.9375,37.89711961,93.75,0.033577308,41.93548387,42.43456575,3.125,6.179278082,73.4375,13762.51336,12.5,33.71224656,0,0,2.676947697,42.85714286,0,0,92.41674157,72.09302326,0.010075296,7.692307692,0,0,0,0,28.75131417,43.67816092,45.3125,0,0,27.5,46.875,15.49232972,3.125,18.79330269,0.297159091,57.8125,0.133106576,56.25,0.108900877,76.5625,0.094886364,100,0.311564626,60.9375,0.297574004,67.1875,68.34743956,18.767,41.07142857,57.03125,60.9375,87.5,87.5,64.0625,68.75,80.1,50,5.469,1.612903226,19.8,93.75,0.182728689,43.75,0.074782996,96.875,42.80493483,55.57618719,28.7422775,31.69566022,1.848098001,0.189577891
8063,Kit Carson,45.3125,18.75,71.875,48.4375,14.0625,1.5625,56.25,79.6875,0.009483848,20,0.025309078,46.875,96.07843137,96.07843137,0.380466472,79.6875,36.91840618,89.0625,0.004830984,17.74193548,43.34679589,7.8125,6.155276712,68.75,47435.31109,43.75,40.0735879,0,0,0.372493106,14.28571429,0,0,1.609145826,25.58139535,0.579339939,79.48717949,44.44444444,14.28571429,1.38270441,11.29032258,21.58471493,47.50957854,59.375,0,0,24.75,35.9375,10.32822897,1.5625,14.93907945,0.262168513,31.25,0.159022286,75,0.122551063,87.5,0.05068815,91.52542373,0.314047208,62.5,0.234834494,50,62.33307013,52.603,96.42857143,41.40625,21.875,72.65625,75,66.40625,71.875,79.7,58.06451613,6.536,4.838709677,17.2,48.4375,0.200170479,54.6875,0.06606052,87.5,44.89189143,53.61248078,29.16774255,31.02834398,3.285455684,0.58467413
8065,Lake,43.75,70.3125,31.25,64.0625,82.8125,45.3125,25,34.375,0.055510557,36,0.013820467,18.75,0,0,0.398753117,81.25,32.22693313,51.5625,0.049670406,50,50.79196804,93.75,4.80366484,26.5625,45294.32778,42.1875,44.30797386,0,0,8.402937854,63.49206349,7.818533383,96.42857143,0,0,0,0,76.19047619,50.79365079,122.1731967,41.93548387,60.09371673,31.03448276,20.3125,0,0,34.5,84.375,95.63153265,29.6875,37.05529403,0.236164963,12.5,0.110279101,35.9375,0.057240334,39.0625,0.019034191,54.23728814,0.187827045,14.0625,0.394569769,76.5625,31.7516101,14.504,26.78571429,50.78125,53.125,41.40625,45.3125,35.15625,32.8125,78.6,77.41935484,17.633,95.16129032,14.4,3.125,0.141969472,15.625,0.042280157,35.9375,31.11706226,31.43433618,46.44123962,28.96663006,1.727453253,0.103687163
8057,Jackson,42.1875,21.875,62.5,37.5,10.9375,28.125,82.8125,43.75,0.091746264,40,0.012904578,15.625,0,0,0.345699831,68.75,30.23402644,15.625,0.018757587,35.48387097,49.75185205,85.9375,5.272254795,43.75,32040.86956,28.125,35.49417859,0,0,0.462023636,17.46031746,0,0,4.630185671,44.18604651,0,0,68.25396825,42.85714286,0.004902164,4.838709677,19.99965552,31.41762452,21.875,0,0,30.5,57.8125,68.30562309,20.3125,29.50604928,0.251162791,17.1875,0.126917713,51.5625,0.143122677,90.625,0,0,0.449093445,90.625,0.131944444,10.9375,38.03576508,0,0,70.3125,89.0625,44.53125,46.875,52.34375,46.875,78.7,74.19354839,12.245,82.25806452,19,85.9375,0.313888889,93.75,0.032638889,14.0625,58.40060214,48.21818361,30.12351549,28.82082285,3.771639119,0.447106259
8025,Crowley,40.625,6.25,68.75,18.75,34.375,21.875,40.625,84.375,0,0,0.030484927,60.9375,23.52941176,23.52941176,0.477377049,90.625,32.84686989,57.8125,0.000175106,3.225806452,45.20030548,20.3125,5.905819178,59.375,7117.056509,7.8125,26.29178676,0,0,0.442411379,15.87301587,0,0,0,0,0.020193624,17.94871795,95.23809524,82.53968254,73.32054317,35.48387097,30.22363301,44.82758621,48.4375,0,0,23.75,20.3125,50.14746722,18.75,26.42299992,0.259315589,25,0.212632052,96.875,0.189692198,100,0.0121673,37.28813559,0.532479209,100,0.475786925,87.5,65.50710514,5.121,12.5,38.28125,14.0625,93.75,96.875,64.84375,70.3125,76.4,98.38709677,13.38,87.09677419,18,64.0625,0.144240747,17.1875,0.029920443,12.5,37.3430075,51.42505632,27.30755161,27.86425366,1.955388037,0.213559164
8121,Washington,39.0625,29.6875,42.1875,56.25,9.375,31.25,62.5,37.5,0.015635091,24,0.030273646,59.375,0,0,0.505887484,95.3125,36.3336462,82.8125,0.002207322,12.90322581,44.36404932,17.1875,6.392169863,81.25,52766.56774,46.875,41.9002906,0.006935365,16.66666667,0.52925795,20.63492063,0,0,50.75585448,62.79069767,0.011130486,12.82051282,4.761904762,3.174603175,2313.621126,61.29032258,19.43370482,44.44444444,46.875,0.138628711,41.17647059,25.5,40.625,29.41658767,10.9375,30.43164716,0.218226601,7.8125,0.119244136,45.3125,0.094658754,62.5,0.026600985,66.10169492,0.299347826,56.25,0.143865476,14.0625,32.40019482,27.243,69.64285714,77.34375,96.875,53.125,53.125,60.9375,65.625,80.15,48.38709677,7.469,8.064516129,17.5,57.8125,0.213410837,65.625,0.045048786,42.1875,48.44250447,40.42134964,33.41648329,26.8016437,3.596410303,0.689155936
8119,Teller,37.5,50,37.5,73.4375,50,18.75,51.5625,21.875,0.104697083,46,0.016122398,28.125,72.54901961,72.54901961,0.104751216,21.875,33.11724254,59.375,0.285116346,67.74193548,50.10990411,90.625,5.195801027,42.1875,79036.33536,54.6875,49.32004372,0.030052151,22.22222222,15.35544835,69.84126984,0,0,0,0,0,0,49.20634921,19.04761905,838.6320879,56.4516129,35.94215942,22.22222222,6.25,0.034950549,20.58823529,24.75,35.9375,1647.19579,96.875,25.87108718,0.318297101,75,0.137597922,57.8125,0.029548748,14.0625,0.002445652,10.16949153,0.208967954,21.875,0.155989983,20.3125,25.50895717,20.467,44.64285714,59.375,68.75,23.4375,23.4375,34.375,31.25,81.24285714,30.64516129,13.242,85.48387097,16.6,34.375,0.236569998,73.4375,0.037886744,21.875,40.96944509,33.23920113,40.11333351,26.45630615,1.8207356,0.150300616
8061,Kiowa,35.9375,3.125,65.625,23.4375,29.6875,4.6875,90.625,39.0625,0.002644944,12,0.022134179,42.1875,94.11764706,94.11764706,0.518195051,96.875,34.99158288,71.875,0.0003294,4.838709677,43.43292055,9.375,6.157632877,70.3125,21403.85275,23.4375,30.78041578,0,0,0.664439781,28.57142857,0,0,3.132399951,39.53488372,0,0,96.82539683,84.12698413,0.207236784,8.064516129,29.58738031,45.21072797,50,0,0,21.75,6.25,39.02467813,14.0625,16.37963371,0.286751361,50,0.096431283,25,0.088172043,57.8125,0.029038113,71.18644068,0.393318147,81.25,0.082405345,3.125,33.06235151,20.502,46.42857143,77.34375,96.875,66.40625,65.625,89.0625,90.625,78.2,83.87096774,8.14,14.51612903,20.5,98.4375,0.218262806,67.1875,0.091314031,100,65.28341706,49.17288429,26.88196139,26.22868467,3.617122484,0.47725187
8007,Archuleta,34.375,26.5625,43.75,7.8125,20.3125,85.9375,23.4375,60.9375,0,0,0.013190961,17.1875,7.843137255,7.843137255,0.057762486,9.375,30.64521536,25,0.002615077,14.51612903,48.78713096,70.3125,4.63433863,10.9375,29319.40619,25,17.50529386,0,0,0.598969727,23.80952381,0.001580252,3.571428571,65.58971787,67.44186047,0,0,55.55555556,25.3968254,3431.827253,69.35483871,25.1695635,67.43295019,96.875,0.055165689,29.41176471,34.75,85.9375,883.4797001,89.0625,68.3364791,0.365458348,96.875,0.155540621,71.875,0.054814246,35.9375,0.004356919,20.33898305,0.304682249,57.8125,0.242653046,56.25,50.48183788,9.653,17.85714286,41.40625,21.875,22.65625,20.3125,55.46875,53.125,81.5,24.19354839,8.614,27.41935484,16.3,26.5625,0.270412318,87.5,0.041972019,34.375,30.42518357,40.45351072,32.12915758,25.78964903,2.777485915,0.356264288
8037,Eagle,32.8125,68.75,23.4375,54.6875,78.125,60.9375,1.5625,51.5625,1.140770766,70,0.027382396,53.125,31.37254902,31.37254902,0.037998427,4.6875,30.93033058,29.6875,0.821720359,79.03225806,49.9725589,89.0625,5.185574144,40.625,138340.7769,68.75,40.88448774,0,0,10.0477349,68.25396825,0.142916056,53.57142857,0,0,0,0,66.66666667,39.68253968,2646.803811,66.12903226,55.65615375,37.16475096,26.5625,0.169599425,44.11764706,34,79.6875,272.2164978,57.8125,48.20291589,0.394891456,100,0.062378378,6.25,0.076036694,46.875,0.040977893,83.05084746,0.226920646,28.125,0.357861635,71.875,41.23879429,3.06,7.142857143,23.4375,3.125,20.3125,15.625,12.5,6.25,82.28333333,11.29032258,8.936,40.32258065,16,18.75,0.136442049,9.375,0.049308176,62.5,13.04010323,27.13944876,46.40701128,24.99047425,3.158049937,0.459671322
8073,Lincoln,31.25,14.0625,45.3125,42.1875,7.8125,14.0625,57.8125,42.1875,0.008557623,18,0.028016509,54.6875,13.7254902,13.7254902,0.418879056,84.375,34.72556872,68.75,0.017548915,32.25806452,45.70368356,21.875,5.984334247,60.9375,43549.67963,39.0625,37.05295806,0,0,0.237350574,9.523809524,0,0,7.814210475,48.8372093,0.008139526,5.128205128,87.3015873,61.9047619,2.162761428,14.51612903,18.45951819,47.12643678,56.25,0,0,24.25,31.25,19.41988704,6.25,22.23058315,0.260665973,28.125,0.150425733,65.625,0.112538663,78.125,0.001560874,5.084745763,0.291347992,46.875,0.248074512,59.375,35.61456718,12.255,25,60.9375,75,55.46875,56.25,74.21875,78.125,80.8,37.09677419,8.922,37.09677419,17.4,53.125,0.17284614,37.5,0.045316138,43.75,46.35529793,40.98493255,28.69900436,23.33892943,3.90098113,0.696476725
8047,Gilpin,29.6875,46.875,28.125,60.9375,75,7.8125,20.3125,35.9375,0,0,0.019700583,34.375,0,0,0.186575654,43.75,34.5902206,65.625,0.004375648,16.12903226,51.28754521,98.4375,5.837280822,56.25,32147.48811,29.6875,42.76691016,0,0,2.084024634,39.68253968,4.575729451,92.85714286,0,0,0,0,80.95238095,55.55555556,122.8782805,43.5483871,54.64225156,16.85823755,1.5625,0,0,26.25,43.75,828.0455056,85.9375,18.04375547,0.335085875,84.375,0.119683141,46.875,0.055603263,37.5,0.002453558,13.55932203,0.216435986,25,0.156079235,21.875,32.12812617,8.606,14.28571429,45.3125,31.25,26.5625,26.5625,28.90625,25,81.8,19.35483871,12.5,83.87096774,16.2,25,0.159494536,28.125,0.034494536,20.3125,26.69014273,29.40913445,39.55495684,23.08197858,0.973811849,0.040995047
8017,Cheyenne,28.125,35.9375,32.8125,57.8125,46.875,12.5,34.375,29.6875,0.09898618,44,0.020237868,35.9375,84.31372549,84.31372549,0.413828689,82.8125,35.33778902,75,0.023544044,37.09677419,43.52267671,10.9375,6.117013699,64.0625,19806.03786,20.3125,42.3391309,0,0,0.099406407,6.349206349,0,0,27.89015287,55.81395349,0.487960491,76.92307692,134.1269841,98.41269841,5.678952959,17.74193548,34.31738621,50.19157088,68.75,0,0,24.25,31.25,17.84892007,4.6875,21.59507259,0.141891892,3.125,0.112299465,40.625,0.070204082,43.75,0.027027027,67.79661017,0.270944742,43.75,0.200463499,34.375,28.76349793,0,0,82.03125,98.4375,56.25,57.8125,67.1875,73.4375,89.5,1.612903226,7.595,11.29032258,17.2,48.4375,0.200463499,57.8125,0.068366165,90.625,34.334703,31.54910046,35.14768015,22.00257563,3.111270047,0.478627644
8014,Broomfield,26.5625,76.5625,9.375,82.8125,81.25,25,14.0625,17.1875,6.755186687,78,0.227701835,95.3125,0,0,0.046780267,7.8125,45.2247969,98.4375,0.6026009,75.80645161,48.21978653,54.6875,9.271153311,96.875,1288240.952,93.75,61.89015032,0.751858352,61.11111111,0,0,0.198520049,67.85714286,1400.292961,88.37209302,0.066232542,33.33333333,63.49206349,34.92063492,4758.143953,75.80645161,56.44381018,19.92337165,4.6875,1.212691836,88.23529412,23,15.625,966.2783852,90.625,27.66386879,0.26409328,32.8125,0.079124556,14.0625,0.03739017,23.4375,0.016343886,49.15254237,0.124266638,3.125,0.253996159,62.5,21.67944672,20.828,48.21428571,42.1875,29.6875,22.65625,20.3125,7.8125,3.125,81.33157895,29.03225806,8.834,33.87096774,14.5,4.6875,0.146769264,20.3125,0.047453547,56.25,19.85027308,20.7648599,51.9719949,21.4135301,1.174627011,0.009157864
8019,Clear Creek,25,62.5,14.0625,51.5625,84.375,34.375,10.9375,25,0.000110373,2,0.027323191,50,80.39215686,80.39215686,0.272520553,57.8125,33.30612567,64.0625,0.007098168,27.41935484,51.42340137,100,5.461313699,46.875,219600.3478,81.25,40.76577362,0,0,4.186265336,49.20634921,9.066478574,100,0,0,0,0,91.26984127,69.84126984,236.7912542,46.77419355,63.31912357,22.60536398,7.8125,0.067818448,32.35294118,27.75,50,736.871602,82.8125,31.98471053,0.311396818,67.1875,0.120597079,48.4375,0.033756378,20.3125,0.014600131,42.37288136,0.18647343,12.5,0.139423588,12.5,27.55435613,4.301,10.71428571,52.34375,57.8125,24.21875,25,21.875,17.1875,83.275,3.225806452,8.934,38.70967742,15.9,17.1875,0.21099649,64.0625,0.028820589,9.375,19.12974889,23.34205251,44.20884533,20.47566849,1.718539629,0.107781115
8049,Grand,23.4375,43.75,20.3125,50,70.3125,15.625,17.1875,23.4375,0,0,0.016539146,29.6875,64.70588235,64.70588235,0.080808081,15.625,31.19745665,34.375,0.024408278,38.70967742,50.58521689,92.1875,5.464989498,48.4375,44274.69509,40.625,40.5047402,0,0,8.823855152,65.07936508,0.023467959,35.71428571,0,0,0,0,67.46031746,41.26984127,5103.507428,79.03225806,52.47236227,30.651341,17.1875,0.009139393,5.882352941,31.25,60.9375,142.5091388,43.75,22.78539806,0.312920808,70.3125,0.066904777,7.8125,0.053369854,34.375,0.010740622,30.50847458,0.213980483,23.4375,0.179280081,29.6875,27.15366446,0.624,1.785714286,50.78125,53.125,28.90625,29.6875,17.96875,10.9375,80.9,33.87096774,13.706,91.93548387,16.1,21.875,0.193080641,51.5625,0.041465276,32.8125,24.80107613,25.97737029,39.06681018,20.13691854,4.130964292,0.511446011
8033,Dolores,21.875,28.125,25,15.625,1.5625,92.1875,46.875,12.5,0.02620192,28,0.010667658,12.5,76.47058824,76.47058824,0.338028169,65.625,30.37405675,21.875,0.00176822,9.677419355,47.10756712,39.0625,4.506934247,6.25,19110.87553,18.75,22.8558754,0,0,0.371601035,12.6984127,0,0,6.629049494,46.51162791,0,0,51.58730159,22.22222222,0.003009102,3.225806452,14.34445963,59.38697318,87.5,0,0,30,56.25,612.219412,76.5625,72.22965857,0.125738397,1.5625,0.080291971,15.625,0.047194546,29.6875,0,0,0.306569343,59.375,0.233576642,48.4375,18.35691954,0,0,35.15625,10.9375,35.9375,35.9375,50.78125,43.75,76.8,93.5483871,17.857,96.77419355,17.7,60.9375,0.357234865,98.4375,0.027479605,6.25,39.4249031,28.89091132,33.07146725,18.95852651,3.166376093,0.282848918
8117,Summit,20.3125,45.3125,15.625,59.375,45.3125,46.875,9.375,28.125,0.172746982,52,0.024973481,45.3125,78.43137255,78.43137255,0.019296687,3.125,32.47250275,53.125,0.065674168,58.06451613,51.03883493,96.875,5.071616895,34.375,179797.1066,76.5625,42.51893593,0,0,0.473029806,19.04761905,0.025253491,42.85714286,0,0,0,0,48.41269841,17.46031746,28488.62796,96.77419355,34.27037857,31.03448276,20.3125,0.089649776,38.23529412,32,64.0625,150.0422554,45.3125,38.74917229,0.314382979,71.875,0.062287656,3.125,0.057671518,40.625,0.031489362,72.88135593,0.205010723,18.75,0.220965918,45.3125,28.75253664,2.604,5.357142857,48.4375,40.625,17.96875,14.0625,25,20.3125,82.16666667,16.12903226,13.561,90.32258065,15.3,9.375,0.14873203,21.875,0.033144888,15.625,18.77729146,23.76491405,39.51435568,18.63292469,2.599528423,0.168271888
8107,Routt,18.75,64.0625,7.8125,65.625,48.4375,76.5625,6.25,15.625,0.011170587,22,0.025568526,48.4375,90.19607843,90.19607843,0.085266194,17.1875,30.41553324,23.4375,0.124983381,64.51612903,49.45777014,82.8125,5.67414137,51.5625,114490.3637,64.0625,44.49291909,0,0,5.033434853,52.38095238,0,0,2.273384684,37.20930233,0.026620201,23.07692308,53.96825397,23.80952381,345.7902674,51.61290323,35.35919455,47.89272031,60.9375,0.192582392,47.05882353,32.5,70.3125,133.2750695,42.1875,54.0051911,0.36209748,95.3125,0.067842441,9.375,0.03035962,15.625,0.007101858,25.42372881,0.186249442,10.9375,0.164769083,25,21.43744785,2.206,3.571428571,51.5625,56.25,14.0625,6.25,14.84375,7.8125,81.75,20.96774194,10.102,64.51612903,15.5,12.5,0.168657793,34.375,0.041212316,31.25,17.78669467,19.61207126,44.58755596,17.35109972,4.10509507,0.651459293
8111,San Juan,17.1875,4.6875,35.9375,10.9375,12.5,67.1875,32.8125,32.8125,0,0,0.006711937,4.6875,0,0,0.355281207,73.4375,31.70559577,46.875,0,0,49.28351781,76.5625,4.410572603,4.6875,6972.541105,6.25,18.18749868,0,0,0.014236201,3.174603175,0.08760052,50,0,0,0,0,66.66666667,39.68253968,51.33131596,32.25806452,21.23118839,41.76245211,34.375,0,0,32.5,70.3125,194.9262669,51.5625,49.95010485,0.28189911,43.75,0.062318841,4.6875,0.043478261,28.125,0.017804154,50.84745763,0.337681159,65.625,0.215942029,42.1875,30.54375095,0,0,42.1875,29.6875,28.90625,29.6875,55.46875,53.125,0,0,27.273,100,17.2,48.4375,0.24057971,76.5625,0.023188406,3.125,34.15852815,32.35113955,26.88907265,17.26057596,1.716640658,0.102833643
8093,Park,15.625,31.25,18.75,21.875,51.5625,48.4375,43.75,4.6875,0,0,0.011622951,14.0625,25.49019608,25.49019608,0.069164671,10.9375,31.53187339,45.3125,0.030543789,40.32258065,50.93960776,95.3125,5.028763927,32.8125,20227.43954,21.875,28.9255863,0,0,8.105062727,61.9047619,0.024191331,39.28571429,0,0,0,0,63.49206349,34.92063492,19.30176032,20.96774194,36.52986998,28.35249042,14.0625,0,0,32.5,70.3125,327.3374764,64.0625,39.86266403,0.252341311,18.75,0.113250671,43.75,0.024400564,10.9375,0.002211238,8.474576271,0.176730571,9.375,0.122236745,7.8125,13.31361874,14.935,28.57142857,60.15625,71.875,21.875,17.1875,21.875,17.1875,80.26666667,46.77419355,11.842,79.03225806,17.5,57.8125,0.219526056,70.3125,0.033983065,18.75,38.14366228,25.72864051,33.56092665,17.13328576,3.792307782,0.596270782
8079,Mineral,14.0625,10.9375,29.6875,1.5625,43.75,82.8125,54.6875,9.375,0,0,0.005947533,3.125,0,0,0.190325139,45.3125,31.47261313,43.75,0.000144913,1.612903226,49.20854795,75,4.222608219,1.5625,3016.905267,4.6875,9.178726435,0,0,0.600808759,25.3968254,0.333671095,71.42857143,0,0,0,0,92.06349206,71.42857143,0.381791644,9.677419355,33.46345131,48.65900383,65.625,0,0,35.5,89.0625,115.0649588,37.5,60.29275867,0.327751196,79.6875,0.112515803,42.1875,0.02189781,9.375,0,0,0.251889169,37.5,0.071788413,1.5625,17.91757836,11.498,21.42857143,87.5,100,17.96875,14.0625,72.65625,75,0,0,0,0,17.6,59.375,0.270780856,89.0625,0.039042821,23.4375,43.184948,30.55126318,28.02841571,16.99094748,2.045066485,0.232168541
8113,San Miguel,12.5,37.5,10.9375,4.6875,39.0625,100,18.75,14.0625,0.001406831,10,0.008833457,7.8125,29.41176471,29.41176471,0.069622182,12.5,30.17165661,14.0625,0.007061426,25.80645161,48.25772329,56.25,4.521194521,7.8125,12413.78933,10.9375,15.4479693,0,0,3.02845383,44.44444444,0,0,0.126511864,6.976744186,0,0,88.88888889,66.66666667,126.8389241,45.16129032,31.08395997,59.38697318,87.5,0,0,36,92.1875,459.4955669,71.875,83.38462554,0.32987013,81.25,0.052814282,1.5625,0.018147087,4.6875,0.037662338,79.66101695,0.295624068,53.125,0.153674833,17.1875,18.73801991,0,0,75.78125,92.1875,14.84375,10.9375,23.4375,18.75,80.4,43.5483871,10.266,66.12903226,15.8,15.625,0.164686959,32.8125,0.028334571,7.8125,26.14120629,22.4396131,36.34113102,16.18093749,3.449558284,0.342388945
8039,Elbert,10.9375,25,17.1875,53.125,25,3.125,50,1.5625,0.031560712,30,0.042211015,71.875,56.8627451,56.8627451,0.074459487,14.0625,35.22861761,73.4375,0.01083574,29.03225806,48.65975851,65.625,6.540097847,82.8125,15624.88112,15.625,40.78363526,0,0,2.161290405,41.26984127,0.002388137,14.28571429,40.61699352,58.13953488,0.011487317,15.38461538,79.36507937,52.38095238,1.588787212,12.90322581,26.62731895,42.52873563,39.0625,8.62E-05,2.941176471,22.75,14.0625,98.28862092,32.8125,15.17384849,0.256884591,21.875,0.080711199,17.1875,0.03284288,18.75,0.000525541,1.694915254,0.130538514,4.6875,0.157311865,23.4375,10.46390448,24.396,66.07142857,57.8125,65.625,35.15625,32.8125,28.125,23.4375,80.51428571,41.93548387,8.549,24.19354839,17.5,57.8125,0.175189931,39.0625,0.042521828,37.5,40.39685397,25.43037923,30.84210949,15.56276598,3.29599994,0.500510955
8051,Gunnison,9.375,54.6875,4.6875,32.8125,65.625,64.0625,15.625,7.8125,0.259335119,58,0.018249184,31.25,52.94117647,52.94117647,0.107110563,23.4375,30.26261598,18.75,0.013977197,30.64516129,48.56041781,62.5,4.69893379,20.3125,39339.40553,37.5,34.04970981,0,0,4.824510752,50.79365079,0.020166229,32.14285714,2.164082052,32.55813953,0,0,83.33333333,57.14285714,7797.152347,82.25806452,47.81220633,58.62068966,84.375,0.022775251,14.70588235,40.25,98.4375,151.5103063,46.875,48.91608403,0.30377626,62.5,0.073545036,10.9375,0.01678508,3.125,0.002448769,11.86440678,0.264223364,42.1875,0.149312493,15.625,15.98881675,16.785,33.92857143,65.625,84.375,10.9375,3.125,25.78125,21.875,80.52,40.32258065,9.502,53.22580645,15.1,7.8125,0.139910683,14.0625,0.033905277,17.1875,20.99645237,18.49263456,41.2069275,15.12024739,5.35340676,0.873849916
8091,Ouray,7.8125,42.1875,3.125,14.0625,54.6875,95.3125,7.8125,10.9375,0,0,0.008842258,9.375,0,0,0.169663573,42.1875,31.28870945,40.625,0.000449809,6.451612903,47.90723562,46.875,4.646017808,14.0625,38698.03214,35.9375,21.95091518,0,0,3.774225902,46.03174603,0.014521333,25,1.387311259,23.25581395,0,0,86.50793651,58.73015873,355.7107113,53.22580645,38.41514575,53.25670498,76.5625,0,0,38.75,95.3125,256.1252271,54.6875,73.62376325,0.266529774,37.5,0.150931929,67.1875,0.025389222,12.5,0.002464066,15.25423729,0.187994322,15.625,0.09197731,4.6875,18.10215425,0,0,63.28125,81.25,14.0625,6.25,19.53125,12.5,83.2,4.838709677,7.285,6.451612903,17.2,48.4375,0.360615883,100,0.029376013,10.9375,17.89117574,17.99666499,38.98518484,13.92135492,2.22545981,0.144347925
8027,Custer,6.25,1.5625,21.875,6.25,4.6875,70.3125,21.875,18.75,0,0,0.008684378,6.25,9.803921569,9.803921569,0.154213416,39.0625,31.21574329,35.9375,0.00698857,24.19354839,48.7101137,67.1875,4.69860274,18.75,173.0347505,1.5625,15.90558462,0,0,5.982360523,57.14285714,0,0,0.251055438,9.302325581,0,0,101.5873016,90.47619048,4.04E-08,1.612903226,16.68875834,36.7816092,25,0,0,33.75,76.5625,445.4634341,70.3125,51.24634368,0.224667584,9.375,0.141509434,59.375,0.030631106,17.1875,0,0,0.334700574,64.0625,0.128761515,9.375,22.48394705,20.96,50,60.15625,71.875,38.28125,39.0625,52.34375,46.875,82.7,6.451612903,13.402,88.70967742,16.8,35.9375,0.296622313,92.1875,0.016376663,1.5625,29.96806567,26.22600636,24.93656781,12.97653422,2.364502067,0.196859179
8053,Hinsdale,4.6875,7.8125,12.5,3.125,42.1875,81.25,26.5625,6.25,0,0,0.005535676,1.5625,0,0,0.149359886,34.375,31.38016924,42.1875,0,0,49.44303562,81.25,4.282416438,3.125,791.5796561,3.125,11.02710871,0,0,0.242054493,11.11111111,0.060393847,46.42857143,0,0,0,0,108.7301587,93.65079365,20.58162406,22.58064516,32.31823652,48.27586207,64.0625,0,0,32.75,71.875,126.5581226,39.0625,56.44783093,0.286610879,48.4375,0.17233809,79.6875,0.015247776,1.5625,0,0,0.20417124,17.1875,0.103183315,6.25,14.53104793,0,0,50.78125,53.125,35.9375,35.9375,58.59375,59.375,81.4,27.41935484,0,0,16.1,21.875,0.340285401,96.875,0.025246981,4.6875,31.51487081,23.02295937,27.70507122,12.65640296,2.846949651,0.297670983
8097,Pitkin,3.125,32.8125,6.25,28.125,3.125,79.6875,3.125,20.3125,0.052131961,32,0.014500408,21.875,0,0,0.039473684,6.25,31.27662348,39.0625,0.043495537,46.77419355,49.74335982,84.375,4.906270776,31.25,124207.6283,67.1875,33.02836582,0,0,5.705985883,55.55555556,0,0,0,0,0,0,1.587301587,1.587301587,86.27072082,38.70967742,15.05689768,42.52873563,39.0625,0.194298096,50,35.25,87.5,269.6286334,56.25,55.68204215,0.367512941,98.4375,0.08938903,21.875,0.018297652,6.25,0.027236875,69.49152542,0.156431054,6.25,0.18955267,31.25,23.81999996,4.19,8.928571429,50,43.75,3.90625,1.5625,3.90625,1.5625,82.36666667,9.677419355,11.343,74.19354839,14.8,6.25,0.202886003,59.375,0.046580087,48.4375,13.21698356,18.51849176,34.19891787,12.56631242,2.997582788,0.262895373
8035,Douglas,1.5625,56.25,1.5625,67.1875,62.5,29.6875,4.6875,3.125,3.379586002,74,0.167108889,90.625,17.64705882,17.64705882,0.014397235,1.5625,36.08417059,76.5625,1.165554722,80.64516129,49.34060167,78.125,7.429968113,87.5,931298.2049,90.625,44.66393245,0.099417213,27.77777778,35.09714346,87.3015873,0.019363474,28.57142857,1.238016269,18.60465116,0.147245619,48.71794872,94.44444444,79.36507937,8012.492213,83.87096774,45.72691369,23.37164751,9.375,0.816232934,79.41176471,22.5,10.9375,1843.18245,100,30.03955864,0.261951489,29.6875,0.075472067,12.5,0.021072505,7.8125,0.007062158,23.72881356,0.081679815,1.5625,0.206168137,39.0625,12.70149844,23.773,64.28571429,50.78125,53.125,14.84375,10.9375,10.9375,4.6875,82.22096774,14.51612903,8.922,37.09677419,14,1.5625,0.129375968,6.25,0.054640955,67.1875,15.81429392,14.25789618,41.27358431,11.67662975,2.247108162,0.228049019